mechanism,strategy,random_state,target_feature,missing_rate,condition_feature,acc
MAR,basic,66,LowQualFinSF,0.1,BsmtFinSF2,0.8666666666666667
MAR,double_threshold,66,LowQualFinSF,0.1,"['BsmtFinSF2', 'WoodDeckSF']",0.7708333333333334
MAR,range_condition,66,LowQualFinSF,0.1,BsmtFinSF2,0.5185185185185185
MAR,nonlinear,66,LowQualFinSF,0.1,BsmtFinSF2,0.48314606741573035
MCAR,none,66,LowQualFinSF,0.1,,0.42391304347826086
MAR,basic,66,LowQualFinSF,0.2,BsmtFinSF2,0.8695652173913043
MAR,double_threshold,66,LowQualFinSF,0.2,"['BsmtFinSF2', 'WoodDeckSF']",0.6785714285714286
MAR,range_condition,66,LowQualFinSF,0.2,BsmtFinSF2,0.4429530201342282
MAR,nonlinear,66,LowQualFinSF,0.2,BsmtFinSF2,0.503030303030303
MCAR,none,66,LowQualFinSF,0.2,,0.46153846153846156
MAR,basic,66,LowQualFinSF,0.30000000000000004,BsmtFinSF2,0.8857142857142857
MAR,double_threshold,66,LowQualFinSF,0.30000000000000004,"['BsmtFinSF2', 'WoodDeckSF']",0.7131782945736435
MAR,range_condition,66,LowQualFinSF,0.30000000000000004,BsmtFinSF2,0.5065502183406113
MAR,nonlinear,66,LowQualFinSF,0.30000000000000004,BsmtFinSF2,0.5158730158730159
MCAR,none,66,LowQualFinSF,0.30000000000000004,,0.49224806201550386
MAR,basic,66,LowQualFinSF,0.4,BsmtFinSF2,0.8636363636363636
MAR,double_threshold,66,LowQualFinSF,0.4,"['BsmtFinSF2', 'WoodDeckSF']",0.7732558139534884
MAR,range_condition,66,LowQualFinSF,0.4,BsmtFinSF2,0.5566666666666666
MAR,nonlinear,66,LowQualFinSF,0.4,BsmtFinSF2,0.5090361445783133
MCAR,none,66,LowQualFinSF,0.4,,0.45614035087719296
MAR,basic,66,LowQualFinSF,0.5,BsmtFinSF2,0.9615384615384616
MAR,double_threshold,66,LowQualFinSF,0.5,"['BsmtFinSF2', 'WoodDeckSF']",0.8165137614678899
MAR,range_condition,66,LowQualFinSF,0.5,BsmtFinSF2,0.5833333333333334
MAR,nonlinear,66,LowQualFinSF,0.5,BsmtFinSF2,0.5292682926829269
MCAR,none,66,LowQualFinSF,0.5,,0.4634760705289673
MAR,basic,66,LowQualFinSF,0.6000000000000001,BsmtFinSF2,0.9523809523809523
MAR,double_threshold,66,LowQualFinSF,0.6000000000000001,"['BsmtFinSF2', 'WoodDeckSF']",0.8461538461538461
MAR,range_condition,66,LowQualFinSF,0.6000000000000001,BsmtFinSF2,0.5631578947368421
MAR,nonlinear,66,LowQualFinSF,0.6000000000000001,BsmtFinSF2,0.5135135135135135
MCAR,none,66,LowQualFinSF,0.6000000000000001,,0.49843260188087773
MAR,basic,66,LowQualFinSF,0.7000000000000001,BsmtFinSF2,0.9863013698630136
MAR,double_threshold,66,LowQualFinSF,0.7000000000000001,"['BsmtFinSF2', 'WoodDeckSF']",0.8394648829431438
MAR,range_condition,66,LowQualFinSF,0.7000000000000001,BsmtFinSF2,0.5475409836065573
MAR,nonlinear,66,LowQualFinSF,0.7000000000000001,BsmtFinSF2,0.47410358565737054
MCAR,none,66,LowQualFinSF,0.7000000000000001,,0.4767932489451477
MAR,basic,66,LowQualFinSF,0.8,BsmtFinSF2,0.9876543209876543
MAR,double_threshold,66,LowQualFinSF,0.8,"['BsmtFinSF2', 'WoodDeckSF']",0.9181286549707602
MAR,range_condition,66,LowQualFinSF,0.8,BsmtFinSF2,0.6137339055793991
MAR,nonlinear,66,LowQualFinSF,0.8,BsmtFinSF2,0.4797687861271676
MCAR,none,66,LowQualFinSF,0.8,,0.5031847133757962
MAR,basic,66,LowQualFinSF,0.9,BsmtFinSF2,1.0
MAR,double_threshold,66,LowQualFinSF,0.9,"['BsmtFinSF2', 'WoodDeckSF']",0.9605263157894737
MAR,range_condition,66,LowQualFinSF,0.9,BsmtFinSF2,0.7962962962962963
MAR,nonlinear,66,LowQualFinSF,0.9,BsmtFinSF2,0.6236559139784946
MCAR,none,66,LowQualFinSF,0.9,,0.4473684210526316
MAR,basic,475,HalfBath,0.1,OverallCond,0.75
MAR,double_threshold,475,HalfBath,0.1,"['OverallCond', 'GarageYrBlt']",0.5423728813559322
MAR,range_condition,475,HalfBath,0.1,OverallCond,0.6458333333333334
MAR,nonlinear,475,HalfBath,0.1,OverallCond,1.0
MCAR,none,475,HalfBath,0.1,,0.5411764705882353
MAR,basic,475,HalfBath,0.2,OverallCond,0.8333333333333334
MAR,double_threshold,475,HalfBath,0.2,"['OverallCond', 'GarageYrBlt']",0.6517857142857143
MAR,range_condition,475,HalfBath,0.2,OverallCond,0.6739130434782609
MAR,nonlinear,475,HalfBath,0.2,OverallCond,0.6666666666666666
MCAR,none,475,HalfBath,0.2,,0.5454545454545454
MAR,basic,475,HalfBath,0.30000000000000004,OverallCond,0.9555555555555556
MAR,double_threshold,475,HalfBath,0.30000000000000004,"['OverallCond', 'GarageYrBlt']",0.6227544910179641
MAR,range_condition,475,HalfBath,0.30000000000000004,OverallCond,0.6715328467153284
MAR,nonlinear,475,HalfBath,0.30000000000000004,OverallCond,0.9090909090909091
MCAR,none,475,HalfBath,0.30000000000000004,,0.5042372881355932
MAR,basic,475,HalfBath,0.4,OverallCond,0.9166666666666666
MAR,double_threshold,475,HalfBath,0.4,"['OverallCond', 'GarageYrBlt']",0.6590909090909091
MAR,range_condition,475,HalfBath,0.4,OverallCond,0.7344632768361582
MAR,nonlinear,475,HalfBath,0.4,OverallCond,0.8666666666666667
MCAR,none,475,HalfBath,0.4,,0.5348101265822784
MAR,basic,475,HalfBath,0.5,OverallCond,0.9367088607594937
MAR,double_threshold,475,HalfBath,0.5,"['OverallCond', 'GarageYrBlt']",0.6947368421052632
MAR,range_condition,475,HalfBath,0.5,OverallCond,0.7905982905982906
MAR,nonlinear,475,HalfBath,0.5,OverallCond,0.9523809523809523
MCAR,none,475,HalfBath,0.5,,0.5074257425742574
MAR,basic,475,HalfBath,0.6000000000000001,OverallCond,0.9583333333333334
MAR,double_threshold,475,HalfBath,0.6000000000000001,"['OverallCond', 'GarageYrBlt']",0.7589285714285714
MAR,range_condition,475,HalfBath,0.6000000000000001,OverallCond,0.7436823104693141
MAR,nonlinear,475,HalfBath,0.6000000000000001,OverallCond,0.875
MCAR,none,475,HalfBath,0.6000000000000001,,0.4956521739130435
MAR,basic,475,HalfBath,0.7000000000000001,OverallCond,0.9629629629629629
MAR,double_threshold,475,HalfBath,0.7000000000000001,"['OverallCond', 'GarageYrBlt']",0.7474489795918368
MAR,range_condition,475,HalfBath,0.7000000000000001,OverallCond,0.8193146417445483
MAR,nonlinear,475,HalfBath,0.7000000000000001,OverallCond,0.9615384615384616
MCAR,none,475,HalfBath,0.7000000000000001,,0.5209125475285171
MAR,basic,475,HalfBath,0.8,OverallCond,0.9682539682539683
MAR,double_threshold,475,HalfBath,0.8,"['OverallCond', 'GarageYrBlt']",0.8262032085561497
MAR,range_condition,475,HalfBath,0.8,OverallCond,0.8409703504043127
MAR,nonlinear,475,HalfBath,0.8,OverallCond,1.0
MCAR,none,475,HalfBath,0.8,,0.45
MAR,basic,475,HalfBath,0.9,OverallCond,0.9865771812080537
MAR,double_threshold,475,HalfBath,0.9,"['OverallCond', 'GarageYrBlt']",0.9163987138263665
MAR,range_condition,475,HalfBath,0.9,OverallCond,0.9251870324189526
MAR,nonlinear,475,HalfBath,0.9,OverallCond,1.0
MCAR,none,475,HalfBath,0.9,,0.4431818181818182
MAR,basic,26,MSSubClass,0.1,TotalBsmtSF,0.7777777777777778
MAR,double_threshold,26,MSSubClass,0.1,"['TotalBsmtSF', 'FullBath']",0.6888888888888889
MAR,range_condition,26,MSSubClass,0.1,TotalBsmtSF,0.6956521739130435
MAR,nonlinear,26,MSSubClass,0.1,TotalBsmtSF,0.6666666666666666
MCAR,none,26,MSSubClass,0.1,,0.4805194805194805
MAR,basic,26,MSSubClass,0.2,TotalBsmtSF,0.8
MAR,double_threshold,26,MSSubClass,0.2,"['TotalBsmtSF', 'FullBath']",0.6761904761904762
MAR,range_condition,26,MSSubClass,0.2,TotalBsmtSF,0.9038461538461539
MAR,nonlinear,26,MSSubClass,0.2,TotalBsmtSF,0.43859649122807015
MCAR,none,26,MSSubClass,0.2,,0.5209580838323353
MAR,basic,26,MSSubClass,0.30000000000000004,TotalBsmtSF,0.8762886597938144
MAR,double_threshold,26,MSSubClass,0.30000000000000004,"['TotalBsmtSF', 'FullBath']",0.7151898734177216
MAR,range_condition,26,MSSubClass,0.30000000000000004,TotalBsmtSF,0.7792207792207793
MAR,nonlinear,26,MSSubClass,0.30000000000000004,TotalBsmtSF,0.5465116279069767
MCAR,none,26,MSSubClass,0.30000000000000004,,0.42168674698795183
MAR,basic,26,MSSubClass,0.4,TotalBsmtSF,0.860655737704918
MAR,double_threshold,26,MSSubClass,0.4,"['TotalBsmtSF', 'FullBath']",0.6584158415841584
MAR,range_condition,26,MSSubClass,0.4,TotalBsmtSF,0.8736842105263158
MAR,nonlinear,26,MSSubClass,0.4,TotalBsmtSF,0.616822429906542
MCAR,none,26,MSSubClass,0.4,,0.5299684542586751
MAR,basic,26,MSSubClass,0.5,TotalBsmtSF,0.8831168831168831
MAR,double_threshold,26,MSSubClass,0.5,"['TotalBsmtSF', 'FullBath']",0.7076923076923077
MAR,range_condition,26,MSSubClass,0.5,TotalBsmtSF,0.8677685950413223
MAR,nonlinear,26,MSSubClass,0.5,TotalBsmtSF,0.5661764705882353
MCAR,none,26,MSSubClass,0.5,,0.5024752475247525
MAR,basic,26,MSSubClass,0.6000000000000001,TotalBsmtSF,0.8888888888888888
MAR,double_threshold,26,MSSubClass,0.6000000000000001,"['TotalBsmtSF', 'FullBath']",0.7884615384615384
MAR,range_condition,26,MSSubClass,0.6000000000000001,TotalBsmtSF,0.891156462585034
MAR,nonlinear,26,MSSubClass,0.6000000000000001,TotalBsmtSF,0.43636363636363634
MCAR,none,26,MSSubClass,0.6000000000000001,,0.47305389221556887
MAR,basic,26,MSSubClass,0.7000000000000001,TotalBsmtSF,0.9348837209302325
MAR,double_threshold,26,MSSubClass,0.7000000000000001,"['TotalBsmtSF', 'FullBath']",0.8204419889502762
MAR,range_condition,26,MSSubClass,0.7000000000000001,TotalBsmtSF,0.9404761904761905
MAR,nonlinear,26,MSSubClass,0.7000000000000001,TotalBsmtSF,0.5531914893617021
MCAR,none,26,MSSubClass,0.7000000000000001,,0.4669260700389105
MAR,basic,26,MSSubClass,0.8,TotalBsmtSF,0.9256198347107438
MAR,double_threshold,26,MSSubClass,0.8,"['TotalBsmtSF', 'FullBath']",0.8588807785888077
MAR,range_condition,26,MSSubClass,0.8,TotalBsmtSF,0.9528795811518325
MAR,nonlinear,26,MSSubClass,0.8,TotalBsmtSF,0.48826291079812206
MCAR,none,26,MSSubClass,0.8,,0.5141242937853108
MAR,basic,26,MSSubClass,0.9,TotalBsmtSF,0.9745454545454545
MAR,double_threshold,26,MSSubClass,0.9,"['TotalBsmtSF', 'FullBath']",0.8997214484679665
MAR,range_condition,26,MSSubClass,0.9,TotalBsmtSF,0.9537037037037037
MAR,nonlinear,26,MSSubClass,0.9,TotalBsmtSF,0.5702479338842975
MCAR,none,26,MSSubClass,0.9,,0.5222222222222223
MAR,basic,728,FullBath,0.1,MasVnrArea,0.6923076923076923
MAR,double_threshold,728,FullBath,0.1,"['MasVnrArea', 'KitchenAbvGr']",0.5194805194805194
MAR,range_condition,728,FullBath,0.1,MasVnrArea,0.5818181818181818
MAR,nonlinear,728,FullBath,0.1,MasVnrArea,0.6
MCAR,none,728,FullBath,0.1,,0.5569620253164557
MAR,basic,728,FullBath,0.2,MasVnrArea,0.7777777777777778
MAR,double_threshold,728,FullBath,0.2,"['MasVnrArea', 'KitchenAbvGr']",0.5066666666666667
MAR,range_condition,728,FullBath,0.2,MasVnrArea,0.6448598130841121
MAR,nonlinear,728,FullBath,0.2,MasVnrArea,0.7
MCAR,none,728,FullBath,0.2,,0.5569620253164557
MAR,basic,728,FullBath,0.30000000000000004,MasVnrArea,0.8615384615384616
MAR,double_threshold,728,FullBath,0.30000000000000004,"['MasVnrArea', 'KitchenAbvGr']",0.47577092511013214
MAR,range_condition,728,FullBath,0.30000000000000004,MasVnrArea,0.6521739130434783
MAR,nonlinear,728,FullBath,0.30000000000000004,MasVnrArea,0.7333333333333333
MCAR,none,728,FullBath,0.30000000000000004,,0.5083333333333333
MAR,basic,728,FullBath,0.4,MasVnrArea,0.8666666666666667
MAR,double_threshold,728,FullBath,0.4,"['MasVnrArea', 'KitchenAbvGr']",0.4966887417218543
MAR,range_condition,728,FullBath,0.4,MasVnrArea,0.6805555555555556
MAR,nonlinear,728,FullBath,0.4,MasVnrArea,0.8571428571428571
MCAR,none,728,FullBath,0.4,,0.553125
MAR,basic,728,FullBath,0.5,MasVnrArea,0.8823529411764706
MAR,double_threshold,728,FullBath,0.5,"['MasVnrArea', 'KitchenAbvGr']",0.5130208333333334
MAR,range_condition,728,FullBath,0.5,MasVnrArea,0.6931407942238267
MAR,nonlinear,728,FullBath,0.5,MasVnrArea,0.7777777777777778
MCAR,none,728,FullBath,0.5,,0.504950495049505
MAR,basic,728,FullBath,0.6000000000000001,MasVnrArea,0.9166666666666666
MAR,double_threshold,728,FullBath,0.6000000000000001,"['MasVnrArea', 'KitchenAbvGr']",0.49291784702549574
MAR,range_condition,728,FullBath,0.6000000000000001,MasVnrArea,0.7374631268436578
MAR,nonlinear,728,FullBath,0.6000000000000001,MasVnrArea,0.75
MCAR,none,728,FullBath,0.6000000000000001,,0.48787878787878786
MAR,basic,728,FullBath,0.7000000000000001,MasVnrArea,0.9470588235294117
MAR,double_threshold,728,FullBath,0.7000000000000001,"['MasVnrArea', 'KitchenAbvGr']",0.5634328358208955
MAR,range_condition,728,FullBath,0.7000000000000001,MasVnrArea,0.7686567164179104
MAR,nonlinear,728,FullBath,0.7000000000000001,MasVnrArea,0.6829268292682927
MCAR,none,728,FullBath,0.7000000000000001,,0.5142857142857142
MAR,basic,728,FullBath,0.8,MasVnrArea,0.9736842105263158
MAR,double_threshold,728,FullBath,0.8,"['MasVnrArea', 'KitchenAbvGr']",0.5591397849462365
MAR,range_condition,728,FullBath,0.8,MasVnrArea,0.8201634877384196
MAR,nonlinear,728,FullBath,0.8,MasVnrArea,0.7333333333333333
MCAR,none,728,FullBath,0.8,,0.4658385093167702
MAR,basic,728,FullBath,0.9,MasVnrArea,0.986046511627907
MAR,double_threshold,728,FullBath,0.9,"['MasVnrArea', 'KitchenAbvGr']",0.5333333333333333
MAR,range_condition,728,FullBath,0.9,MasVnrArea,0.9123376623376623
MAR,nonlinear,728,FullBath,0.9,MasVnrArea,0.8
MCAR,none,728,FullBath,0.9,,0.5194805194805194
MAR,basic,882,YrSold,0.1,BsmtUnfSF,0.7142857142857143
MAR,double_threshold,882,YrSold,0.1,"['BsmtUnfSF', 'GarageYrBlt']",0.9090909090909091
MAR,range_condition,882,YrSold,0.1,BsmtUnfSF,0.5333333333333333
MAR,nonlinear,882,YrSold,0.1,BsmtUnfSF,0.5
MCAR,none,882,YrSold,0.1,,0.5180722891566265
MAR,basic,882,YrSold,0.2,BsmtUnfSF,0.8780487804878049
MAR,double_threshold,882,YrSold,0.2,"['BsmtUnfSF', 'GarageYrBlt']",0.9285714285714286
MAR,range_condition,882,YrSold,0.2,BsmtUnfSF,0.6842105263157895
MAR,nonlinear,882,YrSold,0.2,BsmtUnfSF,0.4
MCAR,none,882,YrSold,0.2,,0.524390243902439
MAR,basic,882,YrSold,0.30000000000000004,BsmtUnfSF,0.9516129032258065
MAR,double_threshold,882,YrSold,0.30000000000000004,"['BsmtUnfSF', 'GarageYrBlt']",0.90625
MAR,range_condition,882,YrSold,0.30000000000000004,BsmtUnfSF,0.7790697674418605
MAR,nonlinear,882,YrSold,0.30000000000000004,BsmtUnfSF,0.7142857142857143
MCAR,none,882,YrSold,0.30000000000000004,,0.47058823529411764
MAR,basic,882,YrSold,0.4,BsmtUnfSF,0.9285714285714286
MAR,double_threshold,882,YrSold,0.4,"['BsmtUnfSF', 'GarageYrBlt']",0.9310344827586207
MAR,range_condition,882,YrSold,0.4,BsmtUnfSF,0.8157894736842105
MAR,nonlinear,882,YrSold,0.4,BsmtUnfSF,0.36363636363636365
MCAR,none,882,YrSold,0.4,,0.5465465465465466
MAR,basic,882,YrSold,0.5,BsmtUnfSF,0.8811881188118812
MAR,double_threshold,882,YrSold,0.5,"['BsmtUnfSF', 'GarageYrBlt']",0.9230769230769231
MAR,range_condition,882,YrSold,0.5,BsmtUnfSF,0.8768115942028986
MAR,nonlinear,882,YrSold,0.5,BsmtUnfSF,0.5
MCAR,none,882,YrSold,0.5,,0.5318627450980392
MAR,basic,882,YrSold,0.6000000000000001,BsmtUnfSF,0.8943089430894309
MAR,double_threshold,882,YrSold,0.6000000000000001,"['BsmtUnfSF', 'GarageYrBlt']",0.8984375
MAR,range_condition,882,YrSold,0.6000000000000001,BsmtUnfSF,0.8862275449101796
MAR,nonlinear,882,YrSold,0.6000000000000001,BsmtUnfSF,0.29411764705882354
MCAR,none,882,YrSold,0.6000000000000001,,0.5177514792899408
MAR,basic,882,YrSold,0.7000000000000001,BsmtUnfSF,0.9236111111111112
MAR,double_threshold,882,YrSold,0.7000000000000001,"['BsmtUnfSF', 'GarageYrBlt']",0.9530201342281879
MAR,range_condition,882,YrSold,0.7000000000000001,BsmtUnfSF,0.9020618556701031
MAR,nonlinear,882,YrSold,0.7000000000000001,BsmtUnfSF,0.65
MCAR,none,882,YrSold,0.7000000000000001,,0.5384615384615384
MAR,basic,882,YrSold,0.8,BsmtUnfSF,0.9642857142857143
MAR,double_threshold,882,YrSold,0.8,"['BsmtUnfSF', 'GarageYrBlt']",0.9595375722543352
MAR,range_condition,882,YrSold,0.8,BsmtUnfSF,0.9196428571428571
MAR,nonlinear,882,YrSold,0.8,BsmtUnfSF,0.3333333333333333
MCAR,none,882,YrSold,0.8,,0.5146198830409356
MAR,basic,882,YrSold,0.9,BsmtUnfSF,0.9891891891891892
MAR,double_threshold,882,YrSold,0.9,"['BsmtUnfSF', 'GarageYrBlt']",0.9895287958115183
MAR,range_condition,882,YrSold,0.9,BsmtUnfSF,0.964
MAR,nonlinear,882,YrSold,0.9,BsmtUnfSF,0.48
MCAR,none,882,YrSold,0.9,,0.4880952380952381
MAR,basic,196,WoodDeckSF,0.1,EnclosedPorch,0.7692307692307693
MAR,double_threshold,196,WoodDeckSF,0.1,"['EnclosedPorch', 'BsmtHalfBath']",0.5147058823529411
MAR,range_condition,196,WoodDeckSF,0.1,EnclosedPorch,0.5714285714285714
MAR,nonlinear,196,WoodDeckSF,0.1,EnclosedPorch,1.0
MCAR,none,196,WoodDeckSF,0.1,,0.52
MAR,basic,196,WoodDeckSF,0.2,EnclosedPorch,0.9166666666666666
MAR,double_threshold,196,WoodDeckSF,0.2,"['EnclosedPorch', 'BsmtHalfBath']",0.5
MAR,range_condition,196,WoodDeckSF,0.2,EnclosedPorch,0.5
MAR,nonlinear,196,WoodDeckSF,0.2,EnclosedPorch,0.8333333333333334
MCAR,none,196,WoodDeckSF,0.2,,0.46794871794871795
MAR,basic,196,WoodDeckSF,0.30000000000000004,EnclosedPorch,0.9142857142857143
MAR,double_threshold,196,WoodDeckSF,0.30000000000000004,"['EnclosedPorch', 'BsmtHalfBath']",0.5044642857142857
MAR,range_condition,196,WoodDeckSF,0.30000000000000004,EnclosedPorch,0.5666666666666667
MAR,nonlinear,196,WoodDeckSF,0.30000000000000004,EnclosedPorch,0.8823529411764706
MCAR,none,196,WoodDeckSF,0.30000000000000004,,0.5165289256198347
MAR,basic,196,WoodDeckSF,0.4,EnclosedPorch,0.9772727272727273
MAR,double_threshold,196,WoodDeckSF,0.4,"['EnclosedPorch', 'BsmtHalfBath']",0.52
MAR,range_condition,196,WoodDeckSF,0.4,EnclosedPorch,0.5575539568345323
MAR,nonlinear,196,WoodDeckSF,0.4,EnclosedPorch,0.9
MCAR,none,196,WoodDeckSF,0.4,,0.5279503105590062
MAR,basic,196,WoodDeckSF,0.5,EnclosedPorch,0.8888888888888888
MAR,double_threshold,196,WoodDeckSF,0.5,"['EnclosedPorch', 'BsmtHalfBath']",0.5297157622739018
MAR,range_condition,196,WoodDeckSF,0.5,EnclosedPorch,0.5944444444444444
MAR,nonlinear,196,WoodDeckSF,0.5,EnclosedPorch,0.8695652173913043
MCAR,none,196,WoodDeckSF,0.5,,0.4975609756097561
MAR,basic,196,WoodDeckSF,0.6000000000000001,EnclosedPorch,0.9846153846153847
MAR,double_threshold,196,WoodDeckSF,0.6000000000000001,"['EnclosedPorch', 'BsmtHalfBath']",0.5441988950276243
MAR,range_condition,196,WoodDeckSF,0.6000000000000001,EnclosedPorch,0.5939086294416244
MAR,nonlinear,196,WoodDeckSF,0.6000000000000001,EnclosedPorch,0.7931034482758621
MCAR,none,196,WoodDeckSF,0.6000000000000001,,0.5421686746987951
MAR,basic,196,WoodDeckSF,0.7000000000000001,EnclosedPorch,0.9583333333333334
MAR,double_threshold,196,WoodDeckSF,0.7000000000000001,"['EnclosedPorch', 'BsmtHalfBath']",0.5597269624573379
MAR,range_condition,196,WoodDeckSF,0.7000000000000001,EnclosedPorch,0.6347305389221557
MAR,nonlinear,196,WoodDeckSF,0.7000000000000001,EnclosedPorch,0.9090909090909091
MCAR,none,196,WoodDeckSF,0.7000000000000001,,0.42084942084942084
MAR,basic,196,WoodDeckSF,0.8,EnclosedPorch,0.975
MAR,double_threshold,196,WoodDeckSF,0.8,"['EnclosedPorch', 'BsmtHalfBath']",0.5990338164251208
MAR,range_condition,196,WoodDeckSF,0.8,EnclosedPorch,0.6926070038910506
MAR,nonlinear,196,WoodDeckSF,0.8,EnclosedPorch,0.8857142857142857
MCAR,none,196,WoodDeckSF,0.8,,0.4642857142857143
MAR,basic,196,WoodDeckSF,0.9,EnclosedPorch,1.0
MAR,double_threshold,196,WoodDeckSF,0.9,"['EnclosedPorch', 'BsmtHalfBath']",0.6771653543307087
MAR,range_condition,196,WoodDeckSF,0.9,EnclosedPorch,0.7351351351351352
MAR,nonlinear,196,WoodDeckSF,0.9,EnclosedPorch,0.9285714285714286
MCAR,none,196,WoodDeckSF,0.9,,0.4939759036144578
MAR,basic,791,KitchenAbvGr,0.1,1stFlrSF,0.7428571428571429
MAR,double_threshold,791,KitchenAbvGr,0.1,"['1stFlrSF', 'MSSubClass']",0.7666666666666667
MAR,range_condition,791,KitchenAbvGr,0.1,1stFlrSF,0.6857142857142857
MAR,nonlinear,791,KitchenAbvGr,0.1,1stFlrSF,0.45714285714285713
MCAR,none,791,KitchenAbvGr,0.1,,0.5952380952380952
MAR,basic,791,KitchenAbvGr,0.2,1stFlrSF,0.7972972972972973
MAR,double_threshold,791,KitchenAbvGr,0.2,"['1stFlrSF', 'MSSubClass']",0.864406779661017
MAR,range_condition,791,KitchenAbvGr,0.2,1stFlrSF,0.7746478873239436
MAR,nonlinear,791,KitchenAbvGr,0.2,1stFlrSF,0.4507042253521127
MCAR,none,791,KitchenAbvGr,0.2,,0.49404761904761907
MAR,basic,791,KitchenAbvGr,0.30000000000000004,1stFlrSF,0.8672566371681416
MAR,double_threshold,791,KitchenAbvGr,0.30000000000000004,"['1stFlrSF', 'MSSubClass']",0.7692307692307693
MAR,range_condition,791,KitchenAbvGr,0.30000000000000004,1stFlrSF,0.8598130841121495
MAR,nonlinear,791,KitchenAbvGr,0.30000000000000004,1stFlrSF,0.45794392523364486
MCAR,none,791,KitchenAbvGr,0.30000000000000004,,0.532520325203252
MAR,basic,791,KitchenAbvGr,0.4,1stFlrSF,0.8205128205128205
MAR,double_threshold,791,KitchenAbvGr,0.4,"['1stFlrSF', 'MSSubClass']",0.8384615384615385
MAR,range_condition,791,KitchenAbvGr,0.4,1stFlrSF,0.8322147651006712
MAR,nonlinear,791,KitchenAbvGr,0.4,1stFlrSF,0.5838926174496645
MCAR,none,791,KitchenAbvGr,0.4,,0.4514285714285714
MAR,basic,791,KitchenAbvGr,0.5,1stFlrSF,0.8641304347826086
MAR,double_threshold,791,KitchenAbvGr,0.5,"['1stFlrSF', 'MSSubClass']",0.8300653594771242
MAR,range_condition,791,KitchenAbvGr,0.5,1stFlrSF,0.8620689655172413
MAR,nonlinear,791,KitchenAbvGr,0.5,1stFlrSF,0.5287356321839081
MCAR,none,791,KitchenAbvGr,0.5,,0.5292620865139949
MAR,basic,791,KitchenAbvGr,0.6000000000000001,1stFlrSF,0.8511627906976744
MAR,double_threshold,791,KitchenAbvGr,0.6000000000000001,"['1stFlrSF', 'MSSubClass']",0.8876404494382022
MAR,range_condition,791,KitchenAbvGr,0.6000000000000001,1stFlrSF,0.9068627450980392
MAR,nonlinear,791,KitchenAbvGr,0.6000000000000001,1stFlrSF,0.5343137254901961
MCAR,none,791,KitchenAbvGr,0.6000000000000001,,0.4557377049180328
MAR,basic,791,KitchenAbvGr,0.7000000000000001,1stFlrSF,0.9149797570850202
MAR,double_threshold,791,KitchenAbvGr,0.7000000000000001,"['1stFlrSF', 'MSSubClass']",0.9264705882352942
MAR,range_condition,791,KitchenAbvGr,0.7000000000000001,1stFlrSF,0.8589743589743589
MAR,nonlinear,791,KitchenAbvGr,0.7000000000000001,1stFlrSF,0.5364806866952789
MCAR,none,791,KitchenAbvGr,0.7000000000000001,,0.4110169491525424
MAR,basic,791,KitchenAbvGr,0.8,1stFlrSF,0.9494584837545126
MAR,double_threshold,791,KitchenAbvGr,0.8,"['1stFlrSF', 'MSSubClass']",0.9559471365638766
MAR,range_condition,791,KitchenAbvGr,0.8,1stFlrSF,0.9427480916030534
MAR,nonlinear,791,KitchenAbvGr,0.8,1stFlrSF,0.5210727969348659
MCAR,none,791,KitchenAbvGr,0.8,,0.46794871794871795
MAR,basic,791,KitchenAbvGr,0.9,1stFlrSF,0.9644012944983819
MAR,double_threshold,791,KitchenAbvGr,0.9,"['1stFlrSF', 'MSSubClass']",0.9686274509803922
MAR,range_condition,791,KitchenAbvGr,0.9,1stFlrSF,0.9658703071672355
MAR,nonlinear,791,KitchenAbvGr,0.9,1stFlrSF,0.5308219178082192
MCAR,none,791,KitchenAbvGr,0.9,,0.5119047619047619
MAR,basic,405,OverallCond,0.1,BsmtFinSF1,0.5535714285714286
MAR,double_threshold,405,OverallCond,0.1,"['BsmtFinSF1', 'WoodDeckSF']",0.6774193548387096
MAR,range_condition,405,OverallCond,0.1,BsmtFinSF1,0.59375
MAR,nonlinear,405,OverallCond,0.1,BsmtFinSF1,0.37333333333333335
MCAR,none,405,OverallCond,0.1,,0.5802469135802469
MAR,basic,405,OverallCond,0.2,BsmtFinSF1,0.6507936507936508
MAR,double_threshold,405,OverallCond,0.2,"['BsmtFinSF1', 'WoodDeckSF']",0.5693430656934306
MAR,range_condition,405,OverallCond,0.2,BsmtFinSF1,0.5694444444444444
MAR,nonlinear,405,OverallCond,0.2,BsmtFinSF1,0.4634146341463415
MCAR,none,405,OverallCond,0.2,,0.48554913294797686
MAR,basic,405,OverallCond,0.30000000000000004,BsmtFinSF1,0.664804469273743
MAR,double_threshold,405,OverallCond,0.30000000000000004,"['BsmtFinSF1', 'WoodDeckSF']",0.6102564102564103
MAR,range_condition,405,OverallCond,0.30000000000000004,BsmtFinSF1,0.5865384615384616
MAR,nonlinear,405,OverallCond,0.30000000000000004,BsmtFinSF1,0.5470085470085471
MCAR,none,405,OverallCond,0.30000000000000004,,0.5298804780876494
MAR,basic,405,OverallCond,0.4,BsmtFinSF1,0.6495726495726496
MAR,double_threshold,405,OverallCond,0.4,"['BsmtFinSF1', 'WoodDeckSF']",0.6470588235294118
MAR,range_condition,405,OverallCond,0.4,BsmtFinSF1,0.6481481481481481
MAR,nonlinear,405,OverallCond,0.4,BsmtFinSF1,0.4837662337662338
MCAR,none,405,OverallCond,0.4,,0.5167173252279635
MAR,basic,405,OverallCond,0.5,BsmtFinSF1,0.7256317689530686
MAR,double_threshold,405,OverallCond,0.5,"['BsmtFinSF1', 'WoodDeckSF']",0.6098360655737705
MAR,range_condition,405,OverallCond,0.5,BsmtFinSF1,0.6358024691358025
MAR,nonlinear,405,OverallCond,0.5,BsmtFinSF1,0.5203252032520326
MCAR,none,405,OverallCond,0.5,,0.5288220551378446
MAR,basic,405,OverallCond,0.6000000000000001,BsmtFinSF1,0.7385057471264368
MAR,double_threshold,405,OverallCond,0.6000000000000001,"['BsmtFinSF1', 'WoodDeckSF']",0.6947368421052632
MAR,range_condition,405,OverallCond,0.6000000000000001,BsmtFinSF1,0.6359102244389028
MAR,nonlinear,405,OverallCond,0.6000000000000001,BsmtFinSF1,0.5191256830601093
MCAR,none,405,OverallCond,0.6000000000000001,,0.5091463414634146
MAR,basic,405,OverallCond,0.7000000000000001,BsmtFinSF1,0.7645569620253164
MAR,double_threshold,405,OverallCond,0.7000000000000001,"['BsmtFinSF1', 'WoodDeckSF']",0.7468354430379747
MAR,range_condition,405,OverallCond,0.7000000000000001,BsmtFinSF1,0.6866485013623979
MAR,nonlinear,405,OverallCond,0.7000000000000001,BsmtFinSF1,0.5115511551155115
MCAR,none,405,OverallCond,0.7000000000000001,,0.5787401574803149
MAR,basic,405,OverallCond,0.8,BsmtFinSF1,0.8166666666666667
MAR,double_threshold,405,OverallCond,0.8,"['BsmtFinSF1', 'WoodDeckSF']",0.8099688473520249
MAR,range_condition,405,OverallCond,0.8,BsmtFinSF1,0.7673611111111112
MAR,nonlinear,405,OverallCond,0.8,BsmtFinSF1,0.5209302325581395
MCAR,none,405,OverallCond,0.8,,0.5123456790123457
MAR,basic,405,OverallCond,0.9,BsmtFinSF1,0.9006410256410257
MAR,double_threshold,405,OverallCond,0.9,"['BsmtFinSF1', 'WoodDeckSF']",0.8819188191881919
MAR,range_condition,405,OverallCond,0.9,BsmtFinSF1,0.8893617021276595
MAR,nonlinear,405,OverallCond,0.9,BsmtFinSF1,0.5238095238095238
MCAR,none,405,OverallCond,0.9,,0.5
MAR,basic,392,ScreenPorch,0.1,BsmtFinSF1,0.6060606060606061
MAR,double_threshold,392,ScreenPorch,0.1,"['BsmtFinSF1', 'WoodDeckSF']",0.7777777777777778
MAR,range_condition,392,ScreenPorch,0.1,BsmtFinSF1,0.5555555555555556
MAR,nonlinear,392,ScreenPorch,0.1,BsmtFinSF1,0.6
MCAR,none,392,ScreenPorch,0.1,,0.5822784810126582
MAR,basic,392,ScreenPorch,0.2,BsmtFinSF1,0.6470588235294118
MAR,double_threshold,392,ScreenPorch,0.2,"['BsmtFinSF1', 'WoodDeckSF']",0.7142857142857143
MAR,range_condition,392,ScreenPorch,0.2,BsmtFinSF1,0.8070175438596491
MAR,nonlinear,392,ScreenPorch,0.2,BsmtFinSF1,0.5555555555555556
MCAR,none,392,ScreenPorch,0.2,,0.5126582278481012
MAR,basic,392,ScreenPorch,0.30000000000000004,BsmtFinSF1,0.7745098039215687
MAR,double_threshold,392,ScreenPorch,0.30000000000000004,"['BsmtFinSF1', 'WoodDeckSF']",0.7741935483870968
MAR,range_condition,392,ScreenPorch,0.30000000000000004,BsmtFinSF1,0.8690476190476191
MAR,nonlinear,392,ScreenPorch,0.30000000000000004,BsmtFinSF1,0.6615384615384615
MCAR,none,392,ScreenPorch,0.30000000000000004,,0.49586776859504134
MAR,basic,392,ScreenPorch,0.4,BsmtFinSF1,0.7972027972027972
MAR,double_threshold,392,ScreenPorch,0.4,"['BsmtFinSF1', 'WoodDeckSF']",0.8255813953488372
MAR,range_condition,392,ScreenPorch,0.4,BsmtFinSF1,0.8083333333333333
MAR,nonlinear,392,ScreenPorch,0.4,BsmtFinSF1,0.5934065934065934
MCAR,none,392,ScreenPorch,0.4,,0.4892966360856269
MAR,basic,392,ScreenPorch,0.5,BsmtFinSF1,0.8324022346368715
MAR,double_threshold,392,ScreenPorch,0.5,"['BsmtFinSF1', 'WoodDeckSF']",0.9272727272727272
MAR,range_condition,392,ScreenPorch,0.5,BsmtFinSF1,0.8933333333333333
MAR,nonlinear,392,ScreenPorch,0.5,BsmtFinSF1,0.6724137931034483
MCAR,none,392,ScreenPorch,0.5,,0.5012468827930174
MAR,basic,392,ScreenPorch,0.6000000000000001,BsmtFinSF1,0.8294930875576036
MAR,double_threshold,392,ScreenPorch,0.6000000000000001,"['BsmtFinSF1', 'WoodDeckSF']",0.90625
MAR,range_condition,392,ScreenPorch,0.6000000000000001,BsmtFinSF1,0.825136612021858
MAR,nonlinear,392,ScreenPorch,0.6000000000000001,BsmtFinSF1,0.6666666666666666
MCAR,none,392,ScreenPorch,0.6000000000000001,,0.49523809523809526
MAR,basic,392,ScreenPorch,0.7000000000000001,BsmtFinSF1,0.8571428571428571
MAR,double_threshold,392,ScreenPorch,0.7000000000000001,"['BsmtFinSF1', 'WoodDeckSF']",0.9466666666666667
MAR,range_condition,392,ScreenPorch,0.7000000000000001,BsmtFinSF1,0.8967136150234741
MAR,nonlinear,392,ScreenPorch,0.7000000000000001,BsmtFinSF1,0.610062893081761
MCAR,none,392,ScreenPorch,0.7000000000000001,,0.5204918032786885
MAR,basic,392,ScreenPorch,0.8,BsmtFinSF1,0.926056338028169
MAR,double_threshold,392,ScreenPorch,0.8,"['BsmtFinSF1', 'WoodDeckSF']",0.935672514619883
MAR,range_condition,392,ScreenPorch,0.8,BsmtFinSF1,0.9411764705882353
MAR,nonlinear,392,ScreenPorch,0.8,BsmtFinSF1,0.6868131868131868
MCAR,none,392,ScreenPorch,0.8,,0.42592592592592593
MAR,basic,392,ScreenPorch,0.9,BsmtFinSF1,0.943217665615142
MAR,double_threshold,392,ScreenPorch,0.9,"['BsmtFinSF1', 'WoodDeckSF']",0.9787234042553191
MAR,range_condition,392,ScreenPorch,0.9,BsmtFinSF1,0.9318181818181818
MAR,nonlinear,392,ScreenPorch,0.9,BsmtFinSF1,0.6716417910447762
MCAR,none,392,ScreenPorch,0.9,,0.6091954022988506
MAR,basic,716,GrLivArea,0.1,GarageCars,0.9166666666666666
MAR,double_threshold,716,GrLivArea,0.1,"['GarageCars', 'FullBath']",0.5737704918032787
MAR,range_condition,716,GrLivArea,0.1,GarageCars,0.5466666666666666
MAR,nonlinear,716,GrLivArea,0.1,GarageCars,0.5581395348837209
MCAR,none,716,GrLivArea,0.1,,0.5116279069767442
MAR,basic,716,GrLivArea,0.2,GarageCars,1.0
MAR,double_threshold,716,GrLivArea,0.2,"['GarageCars', 'FullBath']",0.6293103448275862
MAR,range_condition,716,GrLivArea,0.2,GarageCars,0.5563380281690141
MAR,nonlinear,716,GrLivArea,0.2,GarageCars,0.5679012345679012
MCAR,none,716,GrLivArea,0.2,,0.42592592592592593
MAR,basic,716,GrLivArea,0.30000000000000004,GarageCars,0.9411764705882353
MAR,double_threshold,716,GrLivArea,0.30000000000000004,"['GarageCars', 'FullBath']",0.56
MAR,range_condition,716,GrLivArea,0.30000000000000004,GarageCars,0.5571428571428572
MAR,nonlinear,716,GrLivArea,0.30000000000000004,GarageCars,0.47058823529411764
MCAR,none,716,GrLivArea,0.30000000000000004,,0.4435146443514644
MAR,basic,716,GrLivArea,0.4,GarageCars,0.9555555555555556
MAR,double_threshold,716,GrLivArea,0.4,"['GarageCars', 'FullBath']",0.6853448275862069
MAR,range_condition,716,GrLivArea,0.4,GarageCars,0.5268817204301075
MAR,nonlinear,716,GrLivArea,0.4,GarageCars,0.5205047318611987
MCAR,none,716,GrLivArea,0.4,,0.49842271293375395
MAR,basic,716,GrLivArea,0.5,GarageCars,0.9649122807017544
MAR,double_threshold,716,GrLivArea,0.5,"['GarageCars', 'FullBath']",0.6701030927835051
MAR,range_condition,716,GrLivArea,0.5,GarageCars,0.5584045584045584
MAR,nonlinear,716,GrLivArea,0.5,GarageCars,0.5125628140703518
MCAR,none,716,GrLivArea,0.5,,0.49874686716791977
MAR,basic,716,GrLivArea,0.6000000000000001,GarageCars,1.0
MAR,double_threshold,716,GrLivArea,0.6000000000000001,"['GarageCars', 'FullBath']",0.7372881355932204
MAR,range_condition,716,GrLivArea,0.6000000000000001,GarageCars,0.5612244897959183
MAR,nonlinear,716,GrLivArea,0.6000000000000001,GarageCars,0.5386904761904762
MCAR,none,716,GrLivArea,0.6000000000000001,,0.5
MAR,basic,716,GrLivArea,0.7000000000000001,GarageCars,0.927710843373494
MAR,double_threshold,716,GrLivArea,0.7000000000000001,"['GarageCars', 'FullBath']",0.7780487804878049
MAR,range_condition,716,GrLivArea,0.7000000000000001,GarageCars,0.6479750778816199
MAR,nonlinear,716,GrLivArea,0.7000000000000001,GarageCars,0.5161290322580645
MCAR,none,716,GrLivArea,0.7000000000000001,,0.5040650406504065
MAR,basic,716,GrLivArea,0.8,GarageCars,0.9891304347826086
MAR,double_threshold,716,GrLivArea,0.8,"['GarageCars', 'FullBath']",0.8413597733711048
MAR,range_condition,716,GrLivArea,0.8,GarageCars,0.6706827309236948
MAR,nonlinear,716,GrLivArea,0.8,GarageCars,0.503030303030303
MCAR,none,716,GrLivArea,0.8,,0.43558282208588955
MAR,basic,716,GrLivArea,0.9,GarageCars,0.9797979797979798
MAR,double_threshold,716,GrLivArea,0.9,"['GarageCars', 'FullBath']",0.8594771241830066
MAR,range_condition,716,GrLivArea,0.9,GarageCars,0.7760416666666666
MAR,nonlinear,716,GrLivArea,0.9,GarageCars,0.5257731958762887
MCAR,none,716,GrLivArea,0.9,,0.6063829787234043
